ID,Labeling Score,SE,CR,SS
A1,1.2390705030212097,1.9775726760801389,0.8512137899893003,1.1301001995719027
A2,1.2906679169562834,1.325682906051004,1.4351157671747512,1.1301001995719027
A3,0.4008563902993372,0.16567127140375548,0.3964322288055007,0.9807318391077875
A4,0.7021171866328692,1.044919547984483,0.3377502531744177,0.9807318391077875
A5,1.4021760562369743,1.9775726760801389,1.4214281523813466,0.9807318391077875
A6,0.41458840370684497,0.08536159587711617,0.8512137899893003,0.9807318391077875
A7,0.3100586889474135,0.08536159587711617,0.35605649995893895,0.9807318391077875
A8,1.174250945827193,1.325682906051004,1.2453540140743933,0.9807318391077875
A9,0.9161161949170232,1.9775726760801389,0.3964322288055007,0.9807318391077875
A10,0.4941639555832975,0.10210162751870308,1.2051198903013007,0.9807318391077875
A11,0.9429282436248635,0.601396291569702,1.4214281523813466,0.9807318391077875
A12,0.8335917084679079,1.9775726760801389,0.25918553133635985,1.1301001995719027
A13,0.8110080695079354,1.325682906051004,0.35605649995893895,1.1301001995719027
A14,0.9810599420153293,1.325682906051004,1.2453540140743933,0.5719448430166103
A15,0.5970150879984311,1.044919547984483,0.35605649995893895,0.5719448430166103
A16,1.2360365543871503,1.9775726760801389,1.6695804195804194,0.5719448430166103
A17,0.6698654620150054,1.325682906051004,0.3964322288055007,0.5719448430166103
A18,0.4665869534428788,0.601396291569702,0.29531321304753544,0.5719448430166103
A19,1.2360365543871503,1.9775726760801389,1.6695804195804194,0.5719448430166103
A20,1.1248035714914955,1.044919547984483,1.2051198903013007,1.1301001995719027
A21,1.8408702804004122,2.9726159554730978,1.5780291255068701,1.3298900599514096
A22,1.5519975636878485,1.9775726760801389,1.4214281523813466,1.3298900599514096
A23,1.0160688618048268,2.9726159554730978,0.25918553133635985,1.361506967955279
A24,0.7619851288465961,1.325682906051004,0.29531321304753544,1.1301001995719027
A25,0.4665869534428788,0.601396291569702,0.29531321304753544,0.5719448430166103
A26,0.5307688857279995,0.16567127140375548,1.5780291255068701,0.5719448430166103
A27,0.2684902645589684,0.08536159587711617,0.3964322288055007,0.5719448430166103
A28,0.23302855534514333,0.08536159587711617,0.25918553133635985,0.5719448430166103
A29,0.3556988054196968,0.08536159587711617,0.3964322288055007,1.3298900599514096
A30,0.7114916090543502,1.044919547984483,0.25918553133635985,1.3298900599514096
A31,0.7346014408317619,0.601396291569702,1.1524986709197238,0.5719448430166103
A32,0.7384739385470541,1.9775726760801389,0.35605649995893895,0.5719448430166103
A33,0.2749805084092426,0.10210162751870308,0.35605649995893895,0.5719448430166103
A34,0.8157241179378167,0.601396291569702,1.5780291255068701,0.5719448430166103
A35,1.6503898903546812,1.9775726760801389,1.6695804195804194,1.361506967955279
A36,2.0680249067421808,2.9726159554730978,2.185287703923142,1.361506967955279
A37,1.1027935675066454,2.9726159554730978,0.33137824981045316,1.361506967955279
A38,1.4848699215933947,1.325682906051004,2.185287703923142,1.1301001995719027
A39,0.7735759330592391,1.325682906051004,0.35605649995893895,0.9807318391077875
A40,1.6113578719380508,2.9726159554730978,1.4351157671747512,0.9807318391077875
A41,1.2701967971743513,1.9775726760801389,1.0566479441018184,0.9807318391077875
A42,0.4455683878689074,0.08536159587711617,1.0566479441018184,0.9807318391077875
A43,1.2947892687135656,1.325682906051004,1.6695804195804194,0.9807318391077875
A44,1.8538129022421463,2.9726159554730978,2.185287703923142,0.9807318391077875
A45,1.2271706164624816,1.325682906051004,1.4214281523813466,0.9807318391077875
A46,0.3100586889474135,0.08536159587711617,0.35605649995893895,0.9807318391077875
A47,1.1614666082754028,1.325682906051004,1.2051198903013007,0.9807318391077875
A48,1.6947233270658995,2.9726159554730978,1.6695804195804194,0.9807318391077875
A49,1.2701967971743513,1.9775726760801389,1.0566479441018184,0.9807318391077875
A50,0.4446886880337236,0.22617730095990962,0.3964322288055007,0.9807318391077875
A51,1.0081421346223056,2.9726159554730978,0.25918553133635985,1.3298900599514096
A52,1.496746950689581,1.9775726760801389,1.2453540140743933,1.361506967955279
A53,1.4747286362887595,1.9775726760801389,1.4351157671747512,1.1301001995719027
A54,0.9958886407644689,0.22617730095990962,3.8642602495543676,1.1301001995719027
A55,1.6893289736132717,2.9726159554730978,1.4351157671747512,1.1301001995719027
A56,0.7762889891983764,1.325682906051004,0.25918553133635985,1.361506967955279
A57,0.9258697293377782,1.325682906051004,0.5671084427963677,1.0557081807081807
A58,0.3369117394047127,0.08536159587711617,0.3964322288055007,1.1301001995719027
A59,1.3321625101680388,1.325682906051004,1.5780291255068701,1.1301001995719027
A60,1.4794377294465226,1.9775726760801389,1.6695804195804194,0.9807318391077875
A61,1.5202200097071392,2.9726159554730978,1.2051198903013007,0.9807318391077875
A62,1.1335813194039623,1.044919547984483,1.4214281523813466,0.9807318391077875
A63,0.4455683878689074,0.08536159587711617,1.0566479441018184,0.9807318391077875
A64,1.2271706164624816,1.325682906051004,1.4214281523813466,0.9807318391077875
A65,1.4794377294465226,1.9775726760801389,1.6695804195804194,0.9807318391077875
A66,0.32912986073031425,0.10210162751870308,0.35605649995893895,0.9807318391077875
A67,0.30465115427797085,0.08536159587711617,0.3377502531744177,0.9807318391077875
A68,1.4066624287948521,1.9775726760801389,1.4351157671747512,0.9807318391077875
A69,1.7852040122650084,2.9726159554730978,1.9515266369906814,0.9807318391077875
A70,1.3271020723566433,1.9775726760801389,1.2051198903013007,0.9807318391077875
A71,0.5010585396101958,0.22617730095990962,0.5671084427963677,0.9807318391077875
A72,1.3271020723566433,1.9775726760801389,1.2051198903013007,0.9807318391077875
A73,1.2701967971743513,1.9775726760801389,1.0566479441018184,0.9807318391077875
A74,1.0268834322472864,1.044919547984483,1.0566479441018184,0.9807318391077875
A75,0.8345129500658548,1.044919547984483,0.5671084427963677,0.9807318391077875
A76,1.3417095700994153,1.9775726760801389,1.2453540140743933,0.9807318391077875
A77,0.7951172225200622,1.9775726760801389,0.25918553133635985,0.9807318391077875
A78,0.32136155356227536,0.08536159587711617,0.3964322288055007,0.9807318391077875
A79,0.7735759330592391,1.325682906051004,0.35605649995893895,0.9807318391077875
A80,1.7011755144180278,2.9726159554730978,1.2453540140743933,1.3298900599514096
A81,1.4747286362887595,1.9775726760801389,1.4351157671747512,1.1301001995719027
A82,1.610503299670956,2.9726159554730978,1.0566479441018184,1.3298900599514096
A83,1.8758033008992727,2.9726159554730978,1.6695804195804194,1.3298900599514096
A84,0.3100586889474135,0.08536159587711617,0.35605649995893895,0.9807318391077875
A85,1.2947892687135656,1.325682906051004,1.6695804195804194,0.9807318391077875
A86,0.8629830037812003,1.9775726760801389,0.33137824981045316,0.9807318391077875
A87,0.38437017739794316,0.10210162751870308,0.5671084427963677,0.9807318391077875
A88,0.2913165958890497,0.08536159587711617,0.29531321304753544,0.9807318391077875
A89,1.1614666082754028,1.325682906051004,1.2051198903013007,0.9807318391077875
A90,1.6183176965293187,1.9775726760801389,2.185287703923142,0.9807318391077875
A91,0.3458866267030234,0.08536159587711617,0.35605649995893895,1.361506967955279
A92,1.391318477923125,1.9775726760801389,1.2051198903013007,1.1301001995719027
A93,1.4550339627617137,2.9726159554730978,1.0566479441018184,0.9807318391077875
A94,0.8345129500658548,1.044919547984483,0.5671084427963677,0.9807318391077875
A95,0.0,0.0,1.2453540140743933,0.9807318391077875
A96,1.174250945827193,1.325682906051004,1.2453540140743933,0.9807318391077875
A97,1.3160098180770132,0.601396291569702,3.8642602495543676,0.9807318391077875
A98,0.4455683878689074,0.08536159587711617,1.0566479441018184,0.9807318391077875
A99,0.3100586889474135,0.08536159587711617,0.35605649995893895,0.9807318391077875
A100,0.0,0.0,0.3964322288055007,0.9807318391077875
A101,0.4934387427744808,0.08536159587711617,1.4351157671747512,0.9807318391077875
A102,0.41458840370684497,0.08536159587711617,0.8512137899893003,0.9807318391077875
A103,0.38437017739794316,0.10210162751870308,0.5671084427963677,0.9807318391077875
A104,0.760084491514204,1.325682906051004,0.3377502531744177,0.9807318391077875
A105,1.048001332062472,0.601396291569702,1.9515266369906814,0.9807318391077875
A106,1.0343706616377297,1.325682906051004,0.8512137899893003,0.9807318391077875
A107,0.8335917084679079,1.9775726760801389,0.25918553133635985,1.1301001995719027
A108,1.2271706164624816,1.325682906051004,1.4214281523813466,0.9807318391077875
A109,1.6631625527054383,2.9726159554730978,1.5780291255068701,0.9807318391077875
A110,0.7951172225200622,1.9775726760801389,0.25918553133635985,0.9807318391077875
A111,0.362098148767315,0.08536159587711617,0.5671084427963677,0.9807318391077875
A112,1.0268834322472864,1.044919547984483,1.0566479441018184,0.9807318391077875
A113,1.0081421346223056,2.9726159554730978,0.25918553133635985,1.3298900599514096
A114,0.7968637980864506,1.325682906051004,0.3377502531744177,1.1301001995719027
A115,1.4518862113823596,1.9775726760801389,1.5780291255068701,0.9807318391077875
A116,1.4066624287948521,1.9775726760801389,1.4351157671747512,0.9807318391077875
A117,0.0,0.0,2.185287703923142,0.9807318391077875
A118,0.4290481859858279,0.22617730095990962,0.35605649995893895,0.9807318391077875
A119,1.3417095700994153,1.9775726760801389,1.2453540140743933,0.9807318391077875
A120,0.0,0.0,0.8512137899893003,0.9807318391077875
A121,0.3100586889474135,0.08536159587711617,0.35605649995893895,0.9807318391077875
A122,1.3639176145329897,1.325682906051004,1.9515266369906814,0.9807318391077875
A123,1.7249409221744179,1.9775726760801389,1.9515266369906814,1.3298900599514096
A124,1.6375145913494593,1.9775726760801389,1.6695804195804194,1.3298900599514096
A125,1.4066328097662273,1.9775726760801389,1.2453540140743933,1.1301001995719027
A126,0.35943515138995086,0.22617730095990962,0.20934488286304734,0.9807318391077875
A127,1.3271020723566433,1.9775726760801389,1.2051198903013007,0.9807318391077875
A128,1.4021760562369743,1.9775726760801389,1.4214281523813466,0.9807318391077875
A129,0.4455683878689074,0.08536159587711617,1.0566479441018184,0.9807318391077875
A130,0.8541755007797112,0.601396291569702,1.0566479441018184,0.9807318391077875
A131,1.0322453777001903,1.9775726760801389,0.5671084427963677,0.9807318391077875
A132,1.2310970453535202,1.325682906051004,1.4351157671747512,0.9807318391077875
A133,0.3100586889474135,0.08536159587711617,0.35605649995893895,0.9807318391077875
A134,1.2304441417301952,1.325682906051004,1.0566479441018184,1.3298900599514096
A135,1.8905521944368608,2.9726159554730978,1.6695804195804194,1.361506967955279
A136,1.579996223523999,1.325682906051004,2.185287703923142,1.361506967955279
A137,1.3417095700994153,1.9775726760801389,1.2453540140743933,0.9807318391077875
A138,0.0,0.0,0.20934488286304734,0.9807318391077875
A139,0.5584675797336428,0.601396291569702,0.29531321304753544,0.9807318391077875
A140,1.4066624287948521,1.9775726760801389,1.4351157671747512,0.9807318391077875
A141,1.558424391948826,1.9775726760801389,1.9515266369906814,0.9807318391077875
A142,1.3094007307572781,1.044919547984483,1.5780291255068701,1.361506967955279
A143,0.8629830037812003,1.9775726760801389,0.33137824981045316,0.9807318391077875
A144,1.4066624287948521,1.9775726760801389,1.4351157671747512,0.9807318391077875
A145,1.0846975299321278,1.044919547984483,1.2453540140743933,0.9807318391077875
A146,0.4455683878689074,0.08536159587711617,1.0566479441018184,0.9807318391077875
A147,1.4794377294465226,1.9775726760801389,1.6695804195804194,0.9807318391077875
A148,0.902266047662918,0.601396291569702,1.2453540140743933,0.9807318391077875
A149,0.362098148767315,0.08536159587711617,0.5671084427963677,0.9807318391077875
A150,0.4446886880337236,0.22617730095990962,0.3964322288055007,0.9807318391077875
A151,1.2706764525968697,1.325682906051004,1.5780291255068701,0.9807318391077875
A152,0.5093026529541282,0.08536159587711617,1.5780291255068701,0.9807318391077875
A153,0.30465115427797085,0.08536159587711617,0.3377502531744177,0.9807318391077875
A154,1.174250945827193,1.325682906051004,1.2453540140743933,0.9807318391077875
A155,1.2706764525968697,1.325682906051004,1.5780291255068701,0.9807318391077875
A156,0.6739125122883672,1.044919547984483,0.25918553133635985,1.1301001995719027
A157,1.4175058061160708,1.325682906051004,1.5780291255068701,1.361506967955279
A158,0.5554960663537449,0.601396291569702,0.20934488286304734,1.361506967955279
A159,1.0072908340863465,2.9726159554730978,1.2051198903013007,0.2852959373066612
A160,0.8416265955649652,1.9775726760801389,1.0566479441018184,0.2852959373066612
A161,0.0,0.0,0.29531321304753544,0.2852959373066612
A162,1.7767283534770058,2.9726159554730978,1.6695804195804194,1.1301001995719027
